37053639-44f1-4fe7-9021-36cb427efe0f,a_yellow_powder_monkey_powder_boy_with_Navy_Striped_Tee_vest_on_a_ship_called_hms_encore_wearing_a_a_bandana_swabbing_the_deck_with_round_eyes_and_a_frowning_mouth_on_a_yellow_background_1011471081871249418_fast_Tianyu_a_yellow_powder_monkey_powder_boy_with_Navy_Striped_Tee__18986a19-b511-44bb-bd43-680c8550a790.png
4b1c1fc9-79dd-4417-8f1c-72b778544587,a_gray_powder_monkey_powder_boy_with_Navy_Striped_Tee_vest_on_a_ship_called_HMS_ENCORE_wearing_a_a_bandana_watching_cannon_shots_with_squinty_eyes_and_a_frowning_mouth_on_a_yellow_background_1011471081871249418_fast_Tianyu_a_gray_powder_monkey_powder_boy_with_Navy_Striped_Tee_ve_7d4990d4-06b9-4099-98b7-14690a3ec3f3.png
c491d45d-b715-459d-bb03-8f5d5d2a6950,a_gray_powder_monkey_powder_boy_with_Navy_Striped_Tee_vest_on_a_ship_called_HMS_ENCORE_wearing_a_a_seaman_s_hat_watching_cannon_shots_with_narrow_eyes_and_a_laughing_mouth_on_a_gray_background_1011471081871249418_fast_Tianyu_a_gray_powder_monkey_powder_boy_with_Navy_Striped_Tee_ve_266c778a-03d8-4e5a-a599-cab0bc768923.png
7d516542-6653-41f1-93ee-547c75b8b878,a_yellow_powder_monkey_powder_boy_with_Navy_Striped_Tee_vest_on_a_ship_called_HMS_ENCORE_wearing_a_a_seaman_s_hat_watching_cannon_shots_with_wide_eyes_and_a_frowning_mouth_on_a_gray_background_1011471081871249418_fast_Tianyu_a_yellow_powder_monkey_powder_boy_with_Navy_Striped_Tee__c9bbc28c-f301-45b1-9c8d-bde1dc606806.png
54265d41-5af2-4377-9ab8-c09b19eeb734,a_gray_powder_monkey_powder_boy_with_Navy_Striped_Tee_vest_on_a_ship_called_HMS_ENCORE_wearing_a_a_pirate_s_hat_loading_cannons_with_round_eyes_and_a_smiling_mouth_on_a_gray_background_1011471081871249418_fast_Tianyu_a_gray_powder_monkey_powder_boy_with_Navy_Striped_Tee_ve_39388faa-037e-4275-9945-58b60e7edc12.png
ce4ca313-753c-4fd8-9091-0318b72d403a,a_purple_powder_monkey_powder_boy_with_Navy_Striped_Tee_vest_on_a_ship_called_HMS_ENCORE_wearing_a_a_bandana_watching_cannon_shots_with_wide_eyes_and_a_frowning_mouth_on_a_orange_background_1011471081871249418_fast_Tianyu_a_purple_powder_monkey_powder_boy_with_Navy_Striped_Tee__e34b63de-06db-44a3-b12f-e53ed768f229.png
6530f01c-a4f7-4374-83e5-0a1b64d64921,a_gray_powder_monkey_powder_boy_with_Navy_Striped_Tee_vest_on_a_ship_called_HMS_ENCORE_wearing_a_a_tricorn_hat_watching_cannon_shots_with_squinty_eyes_and_a_pouting_mouth_on_a_yellow_background_1011471081871249418_fast_Tianyu_a_gray_powder_monkey_powder_boy_with_Navy_Striped_Tee_ve_77c3eedb-e751-4b11-af58-ee433228b7c3.png
6a99e24b-d124-4b89-a724-2b06a1c03806,a_blue_powder_monkey_powder_boy_with_Navy_Striped_Tee_vest_on_a_ship_called_HMS_ENCORE_wearing_a_a_bandana_hoisting_the_Jolly_Roger_with_sleepy_eyes_and_a_frowning_mouth_on_a_gray_background_1011471081871249418_fast_Tianyu_a_blue_powder_monkey_powder_boy_with_Navy_Striped_Tee_ve_eb7ef473-dd37-43e3-8e27-aa2a5274dca9.png
364bab51-4eda-4742-9cb6-9d111f5ac7e4,a_yellow_powder_monkey_powder_boy_with_Navy_Striped_Tee_vest_on_a_ship_called_HMS_ENCORE_wearing_a_a_seaman_s_hat_swabbing_the_deck_with_squinty_eyes_and_a_smiling_mouth_on_a_gray_background_1011471081871249418_fast_Tianyu_a_yellow_powder_monkey_powder_boy_with_Navy_Striped_Tee__ff1d0aaa-f776-41cc-8e37-724b70de87f0.png
b12ddaf3-a171-4552-9e12-405d627de759,a_gray_powder_monkey_powder_boy_with_Navy_Striped_Tee_vest_on_a_ship_called_HMS_ENCORE_wearing_a_a_seaman_s_hat_watching_cannon_shots_with_round_eyes_and_a_laughing_mouth_on_a_yellow_background_1011471081871249418_fast_Tianyu_a_gray_powder_monkey_powder_boy_with_Navy_Striped_Tee_ve_3b587307-8029-4000-a5ea-aa3cd7260fbc.png
88822b83-7e38-42f4-8a61-3114843c90ca,a_yellow_powder_monkey_powder_boy_with_Navy_Striped_Tee_vest_on_a_ship_called_HMS_ENCORE_wearing_a_a_seaman_s_hat_watching_cannon_shots_with_round_eyes_and_a_smiling_mouth_on_a_red_background_1011471081871249418_fast_Tianyu_a_yellow_powder_monkey_powder_boy_with_Navy_Striped_Tee__ee069d81-2897-42dd-9a5e-568cf996e6ad.png
85578317-94b5-4c05-bd38-f0565d101ed3,a_gray_powder_monkey_powder_boy_with_Navy_Striped_Tee_vest_on_a_ship_called_HMS_ENCORE_wearing_a_a_seaman_s_hat_watching_cannon_shots_with_squinty_eyes_and_a_smiling_mouth_on_a_yellow_background_1011471081871249418_fast_Tianyu_a_gray_powder_monkey_powder_boy_with_Navy_Striped_Tee_ve_d6b47047-36c6-4ccf-90eb-2a28f3ffa787.png
0babff0d-9a22-4613-b79e-88f75d9fa60a,a_pink_powder_monkey_powder_boy_with_Navy_Striped_Tee_vest_on_a_ship_called_HMS_ENCORE_wearing_a_a_tricorn_hat_loading_cannons_with_wide_eyes_and_a_smiling_mouth_on_a_gray_background_1011471081871249418_fast_Tianyu_a_pink_powder_monkey_powder_boy_with_Navy_Striped_Tee_ve_aa643471-9640-4a80-bd5b-14cb777a1bec.png
550cd151-ddcc-4b4b-9fcd-267ea0d284c5,a_blue_powder_monkey_powder_boy_with_Navy_Striped_Tee_vest_on_a_ship_called_HMS_ENCORE_wearing_a_a_seaman_s_hat_watching_cannon_shots_with_narrow_eyes_and_a_grinning_mouth_on_a_gray_background_1011471081871249418_fast_Tianyu_a_blue_powder_monkey_powder_boy_with_Navy_Striped_Tee_ve_d6b5067e-2bf2-488c-8a61-a1a170c4415c.png
dabf12d8-b439-4520-a1fa-0cddc1d41b34,a_yellow_powder_monkey_powder_boy_with_Navy_Striped_Tee_vest_on_a_ship_called_HMS_ENCORE_wearing_a_a_bandana_swabbing_the_deck_with_narrow_eyes_and_a_laughing_mouth_on_a_gray_background_1011471081871249418_fast_Tianyu_a_yellow_powder_monkey_powder_boy_with_Navy_Striped_Tee__6be63067-34c2-4c0a-ae3a-79273b7ca179.png
9dcc3f58-34f3-4d51-9895-ae6a56fa4227,a_yellow_powder_monkey_powder_boy_with_Navy_Striped_Tee_vest_on_a_ship_called_HMS_ENCORE_wearing_a_a_seaman_s_hat_loading_cannons_with_wide_eyes_and_a_frowning_mouth_on_a_yellow_background_1011471081871249418_fast_Tianyu_a_yellow_powder_monkey_powder_boy_with_Navy_Striped_Tee__776356d0-481e-4d70-bc5e-c5cc084817fb.png
b54bc262-0e1a-4e0f-83d4-c60990ba5593,a_gray_powder_monkey_powder_boy_with_Navy_Striped_Tee_vest_on_a_ship_called_HMS_ENCORE_wearing_a_a_seaman_s_hat_swabbing_the_deck_with_narrow_eyes_and_a_smirking_mouth_on_a_pink_background_1011471081871249418_fast_Tianyu_a_gray_powder_monkey_powder_boy_with_Navy_Striped_Tee_ve_7c8e7554-c45d-4db8-9290-39f6ffb0bd48.png
91ead04f-81d4-4d0e-a846-754e10c756e6,a_green_powder_monkey_powder_boy_with_Navy_Striped_Tee_vest_on_a_ship_called_HMS_ENCORE_wearing_a_a_bandana_watching_cannon_shots_with_round_eyes_and_a_frowning_mouth_on_a_yellow_background_1011471081871249418_fast_Tianyu_a_green_powder_monkey_powder_boy_with_Navy_Striped_Tee_v_04f72279-534f-4385-adb6-b82f65a7b360.png
32e72a0c-4c0e-43d9-ad6c-e757be525ced,a_yellow_powder_monkey_powder_boy_with_Navy_Striped_Tee_vest_on_a_ship_called_HMS_ENCORE_wearing_a_a_seaman_s_hat_watching_cannon_shots_with_squinty_eyes_and_a_frowning_mouth_on_a_blue_background_1011471081871249418_fast_Tianyu_a_yellow_powder_monkey_powder_boy_with_Navy_Striped_Tee__ee2015c5-9033-414a-b819-9dd12064c552.png
af73ac72-c149-4ea6-902b-e024bb1722ce,a_yellow_powder_monkey_powder_boy_with_Navy_Striped_Tee_vest_on_a_ship_called_HMS_ENCORE_wearing_a_a_seaman_s_hat_watching_cannon_shots_with_round_eyes_and_a_smirking_mouth_on_a_yellow_background_1011471081871249418_fast_Tianyu_a_yellow_powder_monkey_powder_boy_with_Navy_Striped_Tee__db2fc687-b0e5-4508-8ae4-c930665f0ceb.png
95ca2e11-2f0c-4685-9e83-7f5019c2558c,a_yellow_powder_monkey_powder_boy_with_Navy_Striped_Tee_vest_on_a_ship_called_HMS_ENCORE_wearing_a_a_seaman_s_hat_watching_cannon_shots_with_wide_eyes_and_a_smiling_mouth_on_a_gray_background_1011471081871249418_fast_Tianyu_a_yellow_powder_monkey_powder_boy_with_Navy_Striped_Tee__65bef8b0-851a-4201-8a23-dbe9d9ceacee.png
65e14ba6-db8d-480f-aa27-503959968fbd,a_gray_powder_monkey_powder_boy_with_Navy_Striped_Tee_vest_on_a_ship_called_HMS_ENCORE_wearing_a_a_seaman_s_hat_watching_cannon_shots_with_squinty_eyes_and_a_smiling_mouth_on_a_gray_background_1011471081871249418_fast_Tianyu_a_gray_powder_monkey_powder_boy_with_Navy_Striped_Tee_ve_5b33867c-e177-46a6-8694-9edb892e8ccb.png
8501f3c6-9a72-4722-9ee1-f81bd02dab38,a_gray_powder_monkey_powder_boy_with_Navy_Striped_Tee_vest_on_a_ship_called_HMS_ENCORE_wearing_a_a_seaman_s_hat_loading_cannons_with_narrow_eyes_and_a_frowning_mouth_on_a_yellow_background_1011471081871249418_fast_Tianyu_a_gray_powder_monkey_powder_boy_with_Navy_Striped_Tee_ve_e8825f3a-1312-4290-8b44-f8bde4cdfe79.png
5f53c01b-a630-4482-9617-9eeca46c6a30,a_gray_powder_monkey_powder_boy_with_Navy_Striped_Tee_vest_on_a_ship_called_HMS_ENCORE_wearing_a_a_bandana_watching_cannon_shots_with_sleepy_eyes_and_a_frowning_mouth_on_a_yellow_background_1011471081871249418_fast_Tianyu_a_gray_powder_monkey_powder_boy_with_Navy_Striped_Tee_ve_76a3c0ad-1624-4a52-baf3-62c56401afde.png
eb48519b-4c8d-4583-b16f-72d208b3ca8a,a_gray_powder_monkey_powder_boy_with_Navy_Striped_Tee_vest_on_a_ship_called_HMS_ENCORE_wearing_a_a_seaman_s_hat_watching_cannon_shots_with_wide_eyes_and_a_frowning_mouth_on_a_blue_background_1011471081871249418_fast_Tianyu_a_gray_powder_monkey_powder_boy_with_Navy_Striped_Tee_ve_74bd0a9b-e065-480f-97aa-6f3cfe3aafd9.png
71cba436-0293-4161-be26-cd2061e68bcf,a_gray_powder_monkey_powder_boy_with_Navy_Striped_Tee_vest_on_a_ship_called_HMS_ENCORE_wearing_a_a_seaman_s_hat_swabbing_the_deck_with_round_eyes_and_a_frowning_mouth_on_a_gray_background_1011471081871249418_fast_Tianyu_a_gray_powder_monkey_powder_boy_with_Navy_Striped_Tee_ve_fefb7d8f-a16c-458f-9aa8-6d1378b39b6b.png
4a4bc280-84b9-4a4b-902a-9f21eb911769,a_yellow_powder_monkey_powder_boy_with_Navy_Striped_Tee_vest_on_a_ship_called_HMS_ENCORE_wearing_a_a_seaman_s_hat_loading_cannons_with_squinty_eyes_and_a_laughing_mouth_on_a_gray_background_1011471081871249418_fast_Tianyu_a_yellow_powder_monkey_powder_boy_with_Navy_Striped_Tee__36a939b8-1fcf-42d7-8347-dc28bc938c6a.png
dbcc06a2-2dc1-44bd-a49f-93b92f6734ab,a_gray_powder_monkey_powder_boy_with_Navy_Striped_Tee_vest_on_a_ship_called_HMS_ENCORE_wearing_a_a_seaman_s_hat_watching_cannon_shots_with_round_eyes_and_a_laughing_mouth_on_a_gray_background_1011471081871249418_fast_Tianyu_a_gray_powder_monkey_powder_boy_with_Navy_Striped_Tee_ve_f04deb1a-9acb-412a-870b-da5d0a3f800b.png
a81ce018-09a1-469a-b1f5-fead9345a9f8,a_gray_powder_monkey_powder_boy_with_Navy_Striped_Tee_vest_on_a_ship_called_HMS_ENCORE_wearing_a_a_captain_s_hat_swabbing_the_deck_with_squinty_eyes_and_a_laughing_mouth_on_a_gray_background_1011471081871249418_fast_Tianyu_a_gray_powder_monkey_powder_boy_with_Navy_Striped_Tee_ve_744e69be-ea8e-46e3-837b-b8d18907f4bd.png
1e9ae967-4023-4077-bf82-204246b383f5,a_gray_powder_monkey_powder_boy_with_Navy_Striped_Tee_vest_on_a_ship_called_HMS_ENCORE_wearing_a_a_captain_s_hat_swabbing_the_deck_with_narrow_eyes_and_a_frowning_mouth_on_a_blue_background_1011471081871249418_fast_Tianyu_a_gray_powder_monkey_powder_boy_with_Navy_Striped_Tee_ve_851242a6-4a47-4bd7-831b-5a0c7041c693.png
2ed26c3b-c22e-4459-8fb6-3cd883df0f47,a_blue_powder_monkey_powder_boy_with_Navy_Striped_Tee_vest_on_a_ship_called_HMS_ENCORE_wearing_a_a_seaman_s_hat_swabbing_the_deck_with_squinty_eyes_and_a_frowning_mouth_on_a_gray_background_1011471081871249418_fast_Tianyu_a_blue_powder_monkey_powder_boy_with_Navy_Striped_Tee_ve_c6aaac7b-4492-45e4-a356-fb6eee348ff5.png
c46188e7-67ab-4131-8787-b824a3df0f1a,a_purple_powder_monkey_powder_boy_with_Navy_Striped_Tee_vest_on_a_ship_called_HMS_ENCORE_wearing_a_a_bandana_singing_sea_shanties_with_sleepy_eyes_and_a_grinning_mouth_on_a_yellow_background_1011471081871249418_fast_Tianyu_a_purple_powder_monkey_powder_boy_with_Navy_Striped_Tee__6cbfe4e9-f4bf-46f4-84fe-dbecb0eff694.png
813fc6ba-d4b3-47fc-bd93-1c1a13a511bb,a_yellow_powder_monkey_powder_boy_with_Navy_Striped_Tee_vest_on_a_ship_called_HMS_ENCORE_wearing_a_a_seaman_s_hat_watching_cannon_shots_with_wide_eyes_and_a_pouting_mouth_on_a_blue_background_1011471081871249418_fast_Tianyu_a_yellow_powder_monkey_powder_boy_with_Navy_Striped_Tee__be9b8ab4-a02a-481d-afe2-8b72443a15b6.png
fd0831ff-6cc9-422b-98aa-1a41d5619b22,a_blue_powder_monkey_powder_boy_with_Navy_Striped_Tee_vest_on_a_ship_called_HMS_ENCORE_wearing_a_a_seaman_s_hat_watching_cannon_shots_with_round_eyes_and_a_smiling_mouth_on_a_gray_background_1011471081871249418_fast_Tianyu_a_blue_powder_monkey_powder_boy_with_Navy_Striped_Tee_ve_8eb284f8-901d-4a96-a0c5-b09ef15d9cc6.png
020528e1-cb5e-4956-b880-82c4d21d340c,a_gray_powder_monkey_powder_boy_with_Navy_Striped_Tee_vest_on_a_ship_called_HMS_ENCORE_wearing_a_a_seaman_s_hat_swabbing_the_deck_with_wide_eyes_and_a_laughing_mouth_on_a_yellow_background_1011471081871249418_fast_Tianyu_a_gray_powder_monkey_powder_boy_with_Navy_Striped_Tee_ve_204bf19f-67b9-4d02-b36f-4787e874044c.png
fd2fa4a3-7c9b-4171-866a-925b730f84ce,a_blue_powder_monkey_powder_boy_with_Navy_Striped_Tee_vest_on_a_ship_called_HMS_EnCORE_wearing_a_a_bandana_swabbing_the_deck_with_round_eyes_and_a_smiling_mouth_on_a_gray_background_1011471081871249418_fast_Tianyu_a_blue_powder_monkey_powder_boy_with_Navy_Striped_Tee_ve_4da2786d-9a39-4d75-81ab-6d1137960542.png
ed0f324e-ce57-44a3-9336-2226ac649b05,a_gray_powder_monkey_powder_boy_with_Navy_Striped_Tee_vest_on_a_ship_called_HMS_ENCORE_wearing_a_a_seaman_s_hat_swabbing_the_deck_with_round_eyes_and_a_smiling_mouth_on_a_gray_background_1011471081871249418_fast_Tianyu_a_gray_powder_monkey_powder_boy_with_Navy_Striped_Tee_ve_da8db7f5-622f-41e6-9c2e-a2d0763eeb05.png
b56c5dbf-a716-412b-8e01-fa31383db58f,a_gray_powder_monkey_powder_boy_with_Navy_Striped_Tee_vest_on_a_ship_called_HMS_ENCORE_wearing_a_a_seaman_s_hat_watching_cannon_shots_with_narrow_eyes_and_a_frowning_mouth_on_a_blue_background_1011471081871249418_fast_Tianyu_a_gray_powder_monkey_powder_boy_with_Navy_Striped_Tee_ve_c559ee8d-f6ed-4492-8368-a16f1d96e340.png
8c746d33-6dae-4abd-92ea-adbe461d131d,a_blue_powder_monkey_powder_boy_with_Navy_Striped_Tee_vest_on_a_ship_called_HMS_ENCORE_wearing_a_a_seaman_s_hat_watching_cannon_shots_with_narrow_eyes_and_a_grinning_mouth_on_a_blue_background_1011471081871249418_fast_Tianyu_a_blue_powder_monkey_powder_boy_with_Navy_Striped_Tee_ve_1bda7848-4154-44e4-b54f-dc3bbcae85df.png
a288614c-5c68-4ab7-9e21-370e70dc4ed0,a_gray_powder_monkey_powder_boy_with_Navy_Striped_Tee_vest_on_a_ship_called_HMS_ENCORE_wearing_a_a_bandana_watching_cannon_shots_with_curious_eyes_and_a_smiling_mouth_on_a_yellow_background_1011471081871249418_fast_Tianyu_a_gray_powder_monkey_powder_boy_with_Navy_Striped_Tee_ve_1589575b-ee38-46fd-931e-3a3390dce560.png
88b6c59d-1777-47ff-957a-182434022fe1,a_gray_powder_monkey_powder_boy_with_Navy_Striped_Tee_vest_on_a_ship_called_HMS_ENCORE_wearing_a_a_captain_s_hat_watching_cannon_shots_with_round_eyes_and_a_frowning_mouth_on_a_gray_background_1011471081871249418_fast_Tianyu_a_gray_powder_monkey_powder_boy_with_Navy_Striped_Tee_ve_d95207f7-2731-4443-828a-699174fcbf16.png
1d0a4b6b-c717-4b45-a341-23e06275d313,a_yellow_powder_monkey_powder_boy_with_Navy_Striped_Tee_vest_on_a_ship_called_HMS_ENCORE_wearing_a_a_seaman_s_hat_watching_cannon_shots_with_round_eyes_and_a_smiling_mouth_on_a_gray_background_1011471081871249418_fast_Tianyu_a_yellow_powder_monkey_powder_boy_with_Navy_Striped_Tee__651f3bfe-1c29-440b-b2a8-a2a9114fbb2d.png
2059dcae-b473-4cd9-be3c-0429b432a19b,a_yellow_powder_monkey_powder_boy_with_Navy_Striped_Tee_vest_on_a_ship_called_HMS_ENCORE_wearing_a_a_bandana_watching_cannon_shots_with_narrow_eyes_and_a_smiling_mouth_on_a_yellow_background_1011471081871249418_fast_Tianyu_a_yellow_powder_monkey_powder_boy_with_Navy_Striped_Tee__9225827f-1100-4157-a893-f4402bc23425.png
