fdfa4c7a-a644-40b5-9926-dd9df3320efa,a_gray_rum_bottles_on_a_ship_called_HMS_ENCORE_on_a_gray_background_1011471081871249418_fast_Tianyu_a_gray_rum_bottles_on_a_ship_called_HMS_ENCORE_on_a_gray_894587b5-e590-45e7-8994-b0af86cf38fb.png
332cb84f-3ee8-424c-b15a-8ff1044adce2,a_yellow_rum_bottles_on_a_ship_called_HMS_ENCORE_on_a_gray_background_1011471081871249418_fast_Tianyu_a_yellow_rum_bottles_on_a_ship_called_HMS_ENCORE_on_a_gr_090a9cec-209f-43bc-aa0e-c7916efb7dec.png
c407e949-e271-480b-89b1-873a805474dc,a_yellow_rum_bottles_on_a_ship_called_HMS_ENCORE_on_a_gray_background_1011471081871249418_fast_Tianyu_a_yellow_rum_bottles_on_a_ship_called_HMS_ENCORE_on_a_gr_816cd7b8-8e40-4968-b273-21c3e4464153.png
1bee3d4a-9823-4ae6-984f-87956f76f08f,a_gray_rum_bottles_on_a_ship_called_HMS_ENCORE_on_a_gray_background_1011471081871249418_fast_Tianyu_a_gray_rum_bottles_on_a_ship_called_HMS_ENCORE_on_a_gray_d2fcdac9-17f9-496c-9eeb-3c5385ba1135.png
7e2dd296-4df4-465f-836a-4d9fb71fb84e,a_yellow_rum_bottles_on_a_ship_called_HMS_ENCORE_on_a_yellow_background_1011471081871249418_fast_Tianyu_a_yellow_rum_bottles_on_a_ship_called_HMS_ENCORE_on_a_ye_7112132e-a55d-485f-b9a0-c7d081eadde8.png
7d1c5cc3-e8bb-4288-a122-eb9306dcfc34,a_gray_rum_bottles_on_a_ship_called_HMS_ENCORE_on_a_yellow_background_1011471081871249418_fast_Tianyu_a_gray_rum_bottles_on_a_ship_called_HMS_ENCORE_on_a_yell_3a61027d-7428-4ae0-b781-e09d47aedd3e.png
4c86b141-c64e-4ddb-a671-c148fb0c1ff4,a_yellow_rum_bottles_on_a_ship_called_HMS_ENCORE_on_a_gray_background_1011471081871249418_fast_Tianyu_a_yellow_rum_bottles_on_a_ship_called_HMS_ENCORE_on_a_gr_d6ee47d8-e8b8-4c66-8dca-0f3bee1aae1d.png
ede24a87-fe23-4a79-96ac-2059bb35803e,a_blue_rum_bottles_on_a_ship_called_HMS_ENCORE_on_a_blue_background_1011471081871249418_fast_Tianyu_a_blue_rum_bottles_on_a_ship_called_HMS_ENCORE_on_a_blue_b245a2fa-f679-4095-b7ee-afbdc93fc453.png
7f6024c3-592d-4202-bb23-041ff98e3ded,a_gray_rum_bottles_on_a_ship_called_HMS_ENCORE_on_a_yellow_background_1011471081871249418_fast_Tianyu_a_gray_rum_bottles_on_a_ship_called_HMS_ENCORE_on_a_yell_5b6d3cc5-72f3-476b-b6df-763c073a8985.png
f84c070c-453b-4ca7-b4d7-4ddc5d1d5268,a_gray_rum_bottles_on_a_ship_called_HMS_ENCORE_on_a_yellow_background_1011471081871249418_fast_Tianyu_a_gray_rum_bottles_on_a_ship_called_HMS_ENCORE_on_a_yell_82938004-4be0-4bfa-b317-40bfe3f259d3.png
226348ef-2ded-418c-afa5-df668c490f04,a_yellow_rum_bottles_on_a_ship_called_HMS_ENCORE_on_a_yellow_background_1011471081871249418_fast_Tianyu_a_yellow_rum_bottles_on_a_ship_called_HMS_ENCORE_on_a_ye_4c5ff5ff-1adf-41c7-9e90-a893cf9952b7.png
9b099628-2146-468f-a0e4-65191e0b7cd4,a_gray_rum_bottles_on_a_ship_called_HMS_ENCORE_on_a_gray_background_1011471081871249418_fast_Tianyu_a_gray_rum_bottles_on_a_ship_called_HMS_ENCORE_on_a_gray_9230090d-5bd5-472f-be99-ffb4bbb4b846.png
6b162b69-e96e-40b8-9147-adabff09ea6a,a_yellow_rum_bottles_on_a_ship_called_HMS_ENCORE_on_a_gray_background_1011471081871249418_fast_Tianyu_a_yellow_rum_bottles_on_a_ship_called_HMS_ENCORE_on_a_gr_a450bd52-7855-4e8c-90f6-8f8bd9d3cbc9.png
29298a6b-7744-432d-9532-609f3971cda9,a_gray_rum_bottles_on_a_ship_called_HMS_ENCORE_on_a_gray_background_1011471081871249418_fast_Tianyu_a_gray_rum_bottles_on_a_ship_called_HMS_ENCORE_on_a_gray_735b4a7e-94d8-451c-ae73-305dc081a859.png
0566482c-6dba-468e-ab85-9b15c8d2c994,a_gray_rum_bottles_on_a_ship_called_HMS_ENCORE_on_a_purple_background_1011471081871249418_fast_Tianyu_a_gray_rum_bottles_on_a_ship_called_HMS_ENCORE_on_a_purp_aeef6e7e-6a8f-4ed6-a944-cd1fb055a6f6.png
43911686-e881-4f6b-90a1-578a3a633e83,a_yellow_rum_bottles_on_a_ship_called_HMS_ENCORE_on_a_gray_background_1011471081871249418_fast_Tianyu_a_yellow_rum_bottles_on_a_ship_called_HMS_ENCORE_on_a_gr_b339d2b8-e44f-4777-a9e8-0b1f67872e27.png
efc3633a-03b6-4a54-ba8d-7fcbdda5660a,a_yellow_rum_bottles_on_a_ship_called_HMS_ENCORE_on_a_yellow_background_1011471081871249418_fast_Tianyu_a_yellow_rum_bottles_on_a_ship_called_HMS_ENCORE_on_a_ye_31c7a2e7-a629-4b96-8c57-b3150d870981.png
c94e2467-85af-41ee-886f-d3cbf4152325,a_blue_rum_bottles_on_a_ship_called_HMS_ENCORE_on_a_yellow_background_1011471081871249418_fast_Tianyu_a_blue_rum_bottles_on_a_ship_called_HMS_ENCORE_on_a_yell_18c83126-8b68-4c93-9728-5ea12fbe80a2.png
046cec77-854a-4955-8bc6-d8267247ce4b,a_gray_rum_bottles_on_a_ship_called_HMS_ENCORE_on_a_yellow_background_1011471081871249418_fast_Tianyu_a_gray_rum_bottles_on_a_ship_called_HMS_ENCORE_on_a_yell_d15173be-bb73-49a3-b3e3-f5bab66be53f.png
1e3754c7-05c4-4307-9814-36d7fb8da4c2,a_blue_rum_bottles_on_a_ship_called_HMS_ENCORE_on_a_gray_background_1011471081871249418_fast_Tianyu_a_blue_rum_bottles_on_a_ship_called_HMS_ENCORE_on_a_gray_44c6822d-b123-45a5-98d5-bd0dbbf0bf4c.png
8cfdd7fd-2292-444d-a8d7-08541657dccb,a_yellow_rum_bottles_on_a_ship_called_HMS_ENCORE_on_a_pink_background_1011471081871249418_fast_Tianyu_a_yellow_rum_bottles_on_a_ship_called_HMS_ENCORE_on_a_pi_7b236988-4b2c-494c-9264-329e28b9b03b.png
f55755dd-f045-40be-8732-aa559ffd89f8,a_gray_rum_bottles_on_a_ship_called_HMS_ENCORE_on_a_yellow_background_1011471081871249418_fast_Tianyu_a_gray_rum_bottles_on_a_ship_called_HMS_ENCORE_on_a_yell_126bf8f3-3984-4c2b-9917-d2599e4c8260.png
a92b88f4-b190-4fa4-ba46-3caa3382be88,a_yellow_rum_bottles_on_a_ship_called_HMS_ENCORE_on_a_purple_background_1011471081871249418_fast_Tianyu_a_yellow_rum_bottles_on_a_ship_called_HMS_ENCORE_on_a_pu_3b24147d-0dec-4792-bd5d-badde024a821.png
becca3df-6c36-484e-bfce-57849dcdab10,a_gray_rum_bottles_on_a_ship_called_HMS_ENCORE_on_a_gray_background_1011471081871249418_fast_Tianyu_a_gray_rum_bottles_on_a_ship_called_HMS_ENCORE_on_a_gray_17b8bce0-08e6-4413-8b50-4f970c3cbe5c.png
3c8987ea-3b64-47aa-9cbd-7e0e86c3ecf8,a_gray_rum_bottles_on_a_ship_called_HMS_ENCORE_on_a_gray_background_1011471081871249418_fast_Tianyu_a_gray_rum_bottles_on_a_ship_called_HMS_ENCORE_on_a_gray_fd36ef57-f40c-4b8e-8872-e06e92a4a543.png
